{"BCT-05": {"file_size_chars": {"mean": 572.8181818181819, "std": 165.82208428422206, "q25": 476.0, "q75": 652.5, "count": 11}, "validation_delay_hours": {"mean": 34.54545454545455, "std": 52.61437757184558, "q25": 0.0, "q75": 67.5, "count": 11}}, "BCT-06": {"file_size_chars": {"mean": 3831.0, "std": 610.4465578574426, "q25": 4104.0, "q75": 4104.0, "count": 5}, "validation_delay_hours": {"mean": 1.0, "std": 2.23606797749979, "q25": 0.0, "q75": 0.0, "count": 5}}, "BCT-07": {"file_size_chars": {"mean": 1757.5, "std": 204.35385976291224, "q25": 1685.25, "q75": 1829.75, "count": 2}, "validation_delay_hours": {"mean": 0.0, "std": 0.0, "q25": 0.0, "q75": 0.0, "count": 2}}, "BCT_002": {"file_size_chars": {"mean": 475.0, "std": 386.16058835670947, "q25": 207.0, "q75": 707.0, "count": 5}, "validation_delay_hours": {"mean": 312.0, "std": 273.10529105090586, "q25": 43.0, "q75": 557.0, "count": 5}}, "BCT_01": {"file_size_chars": {"mean": 1632.8333333333333, "std": 2833.6513841096735, "q25": 476.0, "q75": 476.0, "count": 6}, "validation_delay_hours": {"mean": 209.16666666666666, "std": 232.65116949344284, "q25": 35.0, "q75": 328.25, "count": 6}}, "BCT_03": {"file_size_chars": {"mean": 2644.0, "std": 3066.0150032248703, "q25": 1560.0, "q75": 3728.0, "count": 2}, "validation_delay_hours": {"mean": 183.0, "std": 258.8010819142764, "q25": 91.5, "q75": 274.5, "count": 2}}, "BCT_04": {"file_size_chars": {"mean": 2694.923076923077, "std": 1938.5407510779194, "q25": 1041.0, "q75": 4007.0, "count": 13}, "validation_delay_hours": {"mean": 80.92307692307692, "std": 175.66467181273794, "q25": 0.0, "q75": 25.0, "count": 13}}}