{"BCT-05__XML": {"nb_lignes": {"mean": 1.0, "std": 0.0, "q25": 1.0, "q75": 1.0, "count": 11}, "file_size_chars": {"mean": 572.8181818181819, "std": 165.82208428422206, "q25": 476.0, "q75": 652.5, "count": 11}, "validation_delay_hours": {"mean": 50.54545454545455, "std": 66.09290981090732, "q25": 0.0, "q75": 106.5, "count": 11}}, "BCT-06__XML": {"nb_lignes": {"mean": 7.4, "std": 1.3416407864998738, "q25": 8.0, "q75": 8.0, "count": 5}, "file_size_chars": {"mean": 3831.0, "std": 610.4465578574426, "q25": 4104.0, "q75": 4104.0, "count": 5}, "validation_delay_hours": {"mean": 28.2, "std": 63.057116965494075, "q25": 0.0, "q75": 0.0, "count": 5}}, "BCT-07__XML": {"nb_lignes": {"mean": 3.0, "std": 0.0, "q25": 3.0, "q75": 3.0, "count": 2}, "file_size_chars": {"mean": 1757.5, "std": 204.35385976291224, "q25": 1685.25, "q75": 1829.75, "count": 2}}, "BCT_002__CSV": {"nb_lignes": {"mean": 3.0, "std": 0.0, "q25": 3.0, "q75": 3.0, "count": 5}, "file_size_chars": {"mean": 475.0, "std": 386.16058835670947, "q25": 207.0, "q75": 707.0, "count": 5}, "validation_delay_hours": {"mean": 312.0, "std": 273.10529105090586, "q25": 43.0, "q75": 557.0, "count": 5}}, "BCT_01__XML": {"nb_lignes": {"mean": 3.3333333333333335, "std": 5.715476066494082, "q25": 1.0, "q75": 1.0, "count": 6}, "file_size_chars": {"mean": 1632.8333333333333, "std": 2833.6513841096735, "q25": 476.0, "q75": 476.0, "count": 6}, "validation_delay_hours": {"mean": 209.16666666666666, "std": 232.65116949344284, "q25": 35.0, "q75": 328.25, "count": 6}}, "BCT_03__PDF": {"nb_lignes": {"mean": 1.0, "std": 0.0, "q25": 1.0, "q75": 1.0, "count": 2}, "file_size_chars": {"mean": 2644.0, "std": 3066.0150032248703, "q25": 1560.0, "q75": 3728.0, "count": 2}, "validation_delay_hours": {"mean": 183.0, "std": 258.8010819142764, "q25": 91.5, "q75": 274.5, "count": 2}}, "BCT_04__XML": {"nb_lignes": {"mean": 3.3076923076923075, "std": 3.301126458867624, "q25": 1.0, "q75": 4.0, "count": 13}, "file_size_chars": {"mean": 2694.923076923077, "std": 1938.5407510779194, "q25": 1041.0, "q75": 4007.0, "count": 13}, "validation_delay_hours": {"mean": 114.84615384615384, "std": 180.9483564233389, "q25": 0.0, "q75": 144.0, "count": 13}}}