{"accuracy": 0.5555555555555556, "precision": 0.0, "recall": 0.0, "f1": 0.0, "roc_auc": 0.33333333333333326, "oob_score": 0.6, "train_samples": 35, "test_samples": 9, "pos_ratio": 0.3409090909090909, "n_features": 9}